"name","backend","scenario","trial","completed","status","error","terminationReason","equivalence","budgetGate","resize","cleanup","budgetMiB","heapLimitMiB","loadMs","removalMs","totalSeconds","hotP50Us","hotP95Us","hotP99Us","hotOpsSec","callerP99Us","impactP99Us","searchP50Us","scanMs","preScanP99Us","postScanP99Us","recoveryP99Us","peakProcessMiB","peakPrivateMiB","peakHeapMiB","retainedBeforeResizeMiB","retainedAfterResizeMiB","retainedAfterRemovalMiB","maxCheckpointAccountedMiB","maxCheckpointOvershootMiB","peakDirtyEstimateMiB","gcMs","diskMiB","concurrentReadUpdateMs","graphCounts","fingerprint"
"pressure-rocksdb-1","rocksdb","pressure","1","True","completed",,,"matched","unproven-incomplete-accounting","unsupported","passed","32","256","22975.8699","0.5186","31.9460073","41","55.3","106.3","22509.949397633754","211.8","21477.4","286020.2","277.7995","11.5","36.5","11.5","328.648","460.613","149.943","4.342","4.516","4.686","28.751","0",,"152","107.638","29.8379","@{edges=1000000; files=100000; symbols=100000}","8fd286a50b17abd8365888bcf6a477e789c8854ddbf48a8218b919697110652f"
"pressure-rocksdb-2","rocksdb","pressure","2","True","completed",,,"matched","unproven-incomplete-accounting","unsupported","passed","32","256","23348.9113","0.4949","32.7518761","41.7","52.5","72.2","23181.14908956037","73.8","16263.8","283584.6","287.6329","10.2","83.7","10.9","331.27","461.938","150.318","4.342","4.515","4.686","28.747","0",,"151","107.64","29.9487","@{edges=1000000; files=100000; symbols=100000}","8fd286a50b17abd8365888bcf6a477e789c8854ddbf48a8218b919697110652f"
"pressure-rocksdb-3","rocksdb","pressure","3","False","failed","RocksDB operation failed",,"unavailable","unproven-incomplete-accounting",,"passed","32","256","22991.7441",,"32.2999733","41.1","51","82.3","23188.674651300305","67.4","18400.7","287877.9","286.6355","33.2","51.4","39.2","329.391","460.434",,"4.335",,,"28.763","0",,,,,,
"pressure-memory-1","memory","pressure","1","False","failed","Java heap space",,"unavailable","not-enforced",,"passed","32","256",,,"1.9335005",,,,,,,,,,,,"323.199","376.062",,,,,,,,,,,,
"pressure-memory-2","memory","pressure","2","False","failed","Java heap space",,"unavailable","not-enforced",,"passed","32","256",,,"2.1200814",,,,,,,,,,,,"323.168","375.16",,,,,,,,,,,,
"pressure-memory-3","memory","pressure","3","False","failed","Java heap space",,"unavailable","not-enforced",,"passed","32","256",,,"2.0081743",,,,,,,,,,,,"322.879","375.301",,,,,,,,,,,,
"pressure-mvstore-1","mvstore","pressure","1","True","completed",,,"matched","FAILED-observed-overshoot","passed","passed","32","256","104094.302","3700.5288","113.2639147","9.7","14.3","33.4","94794.81661942725","25.9","6457.7","189577.2","190.646","8.9","22.6","7.8","369.422","404.824","255","56.217","35.721","32.935","49.122","17.122","15.952","15252","9961.359","31.3709","@{edges=1000000; files=100000; symbols=100000}","8fd286a50b17abd8365888bcf6a477e789c8854ddbf48a8218b919697110652f"
"pressure-mvstore-2","mvstore","pressure","2","True","completed",,,"matched","FAILED-observed-overshoot","passed","passed","32","256","103181.3112","3679.5768","112.4133538","10.9","18.5","36.7","84118.43876177658","26.4","5013.3","193480","186.7633","5","26.3","13.2","371.684","405.637","255","56.219","35.436","32.296","49.104","17.104","15.99","15051","10352.941","34.5529","@{edges=1000000; files=100000; symbols=100000}","8fd286a50b17abd8365888bcf6a477e789c8854ddbf48a8218b919697110652f"
"pressure-mvstore-3","mvstore","pressure","3","True","completed",,,"matched","FAILED-observed-overshoot","passed","passed","32","256","103546.017","3735.8276","112.9678986","10.2","14.2","32.9","88499.49112792601","37.2","4691.7","190711.1","189.7332","5.3","18.4","6.4","375.512","404.617","255.523","56.349","35.297","31.545","49.048","17.048","15.941","15273","10279.801","41.9007","@{edges=1000000; files=100000; symbols=100000}","8fd286a50b17abd8365888bcf6a477e789c8854ddbf48a8218b919697110652f"
